student_id,full_name,programme,batch_year,current_semester,cgpa,active_backlogs
S1001,Student Alpha,B.Tech CSE,2024,5,8.42,0
S1002,Student Bravo,B.Tech CSE,2024,5,7.65,1
S1003,Student Charlie,B.Tech CSE,2024,5,6.91,2
S1004,Student Delta,B.Tech CSE,2023,7,8.1,0
S1005,Student Echo,B.Tech CSE,2023,7,7.2,1
S1006,Student Foxtrot,B.Tech CSE,2022,9,6.75,3
S1007,Student Golf,B.Tech ECE,2024,5,8.05,0
S1008,Student Hotel,B.Tech ECE,2024,5,7.48,1
S1009,Student India,B.Tech ECE,2024,5,6.88,2
S1010,Student Juliet,B.Tech ECE,2023,7,8.31,0
S1011,Student Kilo,B.Tech ECE,2023,7,7.12,1
S1012,Student Lima,B.Tech ECE,2022,9,6.54,2
S1013,Student Mike,B.Tech CSE,2024,5,9.01,0
S1014,Student November,B.Tech CSE,2024,5,7.95,0
S1015,Student Oscar,B.Tech CSE,2023,7,7.01,1
S1016,Student Papa,B.Tech CSE,2022,9,8.22,0
S1017,Student Quebec,B.Tech ECE,2024,5,7.76,0
S1018,Student Romeo,B.Tech ECE,2023,7,6.42,2
S1019,Student Sierra,B.Tech ECE,2022,9,7.33,1
S1020,Student Tango,B.Tech CSE,2024,5,8.6,0
S1021,Student Uniform,B.Tech CSE,2023,7,7.88,0
S1022,Student Victor,B.Tech CSE,2022,9,6.98,2
S1023,Student Whiskey,B.Tech ECE,2024,5,8.14,0
S1024,Student Xray,B.Tech ECE,2023,7,7.44,1
S1025,Student Yankee,B.Tech ECE,2022,9,6.81,2
S1026,Student Zulu,B.Tech CSE,2024,5,7.58,0
S1027,Student Amber,B.Tech CSE,2023,7,8.47,0
S1028,Student Birch,B.Tech CSE,2022,9,7.05,1
S1029,Student Cedar,B.Tech ECE,2024,5,7.91,0
S1030,Student Coral,B.Tech ECE,2023,7,8.02,0
S1031,Student Dawn,B.Tech ECE,2022,9,6.67,2
S1032,Student Ember,B.Tech CSE,2024,5,7.36,1
S1033,Student Flint,B.Tech CSE,2023,7,8.15,0
S1034,Student Hazel,B.Tech CSE,2022,9,7.69,0
S1035,Student Iris,B.Tech ECE,2024,5,8.28,0
S1036,Student Jade,B.Tech ECE,2023,7,7.18,1
S1037,Student Kai,B.Tech ECE,2022,9,6.93,2
S1038,Student Luna,B.Tech CSE,2024,5,8.73,0
S1039,Student Maple,B.Tech CSE,2023,7,7.57,0
S1040,Student Nova,B.Tech CSE,2022,9,7.04,1
S1041,Student Olive,B.Tech ECE,2024,5,8.11,0
S1042,Student Pearl,B.Tech ECE,2023,7,7.83,0
S1043,Student Quartz,B.Tech ECE,2022,9,6.59,2
S1044,Student River,B.Tech CSE,2024,5,7.73,0
S1045,Student Sage,B.Tech CSE,2023,7,8.36,0
S1046,Student Terra,B.Tech CSE,2022,9,7.27,1
S1047,Student Willow,B.Tech ECE,2024,5,8.04,0
S1048,Student Zephyr,B.Tech ECE,2023,7,7.66,1
S1049,Student Atlas,B.Tech ECE,2022,9,6.87,2
S1050,Student Bloom,B.Tech CSE,2024,5,8.52,0
S1051,Student Fern,B.Tech CSE,2024,5,6.95,1
S1052,Student Grove,B.Tech CSE,2024,5,7.40,0
