student_id,course_code,classes_held,classes_attended
S1001,CS301,40,33
S1001,CS302,40,34
S1002,CS301,40,34
S1002,CS302,40,35
S1003,CS301,40,29
S1003,CS302,40,36
S1004,CS301,40,30
S1004,CS302,40,37
S1005,CS301,40,31
S1005,CS302,40,38
S1006,CS301,40,28
S1006,CS302,40,32
S1007,EC301,40,32
S1007,EC302,40,33
S1008,EC301,40,33
S1008,EC302,40,34
S1009,EC301,40,34
S1009,EC302,40,35
S1010,EC301,40,35
S1010,EC302,40,36
S1011,EC301,40,36
S1011,EC302,40,37
S1012,EC301,40,37
S1012,EC302,40,38
S1013,CS301,40,38
S1013,CS302,40,32
S1014,CS301,40,32
S1014,CS302,40,33
S1015,CS301,40,33
S1015,CS302,40,34
S1016,CS301,40,34
S1016,CS302,40,35
S1017,EC301,40,35
S1017,EC302,40,36
S1018,EC301,40,36
S1018,EC302,40,37
S1019,EC301,40,37
S1019,EC302,40,38
S1020,CS301,40,38
S1020,CS302,40,32
S1021,CS301,40,32
S1021,CS302,40,33
S1022,CS301,40,33
S1022,CS302,40,34
S1023,EC301,40,34
S1023,EC302,40,35
S1024,EC301,40,35
S1024,EC302,40,36
S1025,EC301,40,36
S1025,EC302,40,37
S1026,CS301,40,37
S1026,CS302,40,38
S1027,CS301,40,38
S1027,CS302,40,32
S1028,CS301,40,32
S1028,CS302,40,33
S1029,EC301,40,33
S1029,EC302,40,34
S1030,EC301,40,34
S1030,EC302,40,35
S1031,EC301,40,35
S1031,EC302,40,36
S1032,CS301,40,36
S1032,CS302,40,37
S1033,CS301,40,37
S1033,CS302,40,38
S1034,CS301,40,38
S1034,CS302,40,32
S1035,EC301,40,32
S1035,EC302,40,33
S1036,EC301,40,33
S1036,EC302,40,34
S1037,EC301,40,34
S1037,EC302,40,35
S1038,CS301,40,35
S1038,CS302,40,36
S1039,CS301,40,36
S1039,CS302,40,37
S1040,CS301,40,37
S1040,CS302,40,38
S1041,EC301,40,38
S1041,EC302,40,32
S1042,EC301,40,32
S1042,EC302,40,33
S1043,EC301,40,33
S1043,EC302,40,34
S1044,CS301,40,34
S1044,CS302,40,35
S1045,CS301,40,35
S1045,CS302,40,36
S1046,CS301,40,36
S1046,CS302,40,37
S1047,EC301,40,37
S1047,EC302,40,38
S1048,EC301,40,38
S1048,EC302,40,32
S1049,EC301,40,32
S1049,EC302,40,33
S1050,CS301,40,33
S1050,CS302,40,34
