student_id,course_code,exam_type,result_type,internal_marks,external_marks,total_marks,pass_marks,result
S1001,CS301,2026 MAY,REGULAR,25,48,73,40,PASS
S1001,CS302,2026 MAY,REGULAR,28,49,77,40,PASS
S1002,CS301,2026 MAY,REGULAR,26,50,76,40,PASS
S1002,CS302,2026 MAY,REGULAR,29,51,80,40,PASS
S1003,CS301,2026 MAY,REGULAR,19,20,39,40,FAIL
S1003,CS302,2026 MAY,REGULAR,30,53,83,40,PASS
S1004,CS301,2026 MAY,REGULAR,28,54,82,40,PASS
S1004,CS302,2026 MAY,REGULAR,31,55,86,40,PASS
S1005,CS301,2026 MAY,REGULAR,29,56,85,40,PASS
S1005,CS302,2026 MAY,REGULAR,32,57,89,40,PASS
S1006,CS301,2026 MAY,REGULAR,0,0,0,40,ABSENT
S1006,CS302,2026 MAY,REGULAR,24,59,83,40,PASS
S1007,EC301,2026 MAY,REGULAR,31,60,91,40,PASS
S1007,EC302,2026 MAY,REGULAR,25,46,71,40,PASS
S1008,EC301,2026 MAY,REGULAR,32,47,79,40,PASS
S1008,EC302,2026 MAY,REGULAR,26,48,74,40,PASS
S1009,EC301,2026 MAY,REGULAR,24,49,73,40,PASS
S1009,EC302,2026 MAY,REGULAR,27,50,77,40,PASS
S1010,EC301,2026 MAY,REGULAR,25,51,76,40,PASS
S1010,EC302,2026 MAY,REGULAR,28,52,80,40,PASS
S1011,EC301,2026 MAY,REGULAR,26,53,79,40,PASS
S1011,EC302,2026 MAY,REGULAR,29,54,83,40,PASS
S1012,EC301,2026 MAY,REGULAR,27,55,82,40,PASS
S1012,EC302,2026 MAY,REGULAR,30,56,86,40,PASS
S1013,CS301,2026 MAY,REGULAR,28,57,85,40,PASS
S1013,CS302,2026 MAY,REGULAR,31,58,89,40,PASS
S1014,CS301,2026 MAY,REGULAR,29,59,88,40,PASS
S1014,CS302,2026 MAY,REGULAR,32,60,92,40,PASS
S1015,CS301,2026 MAY,REGULAR,30,46,76,40,PASS
S1015,CS302,2026 MAY,REGULAR,24,47,71,40,PASS
S1016,CS301,2026 MAY,REGULAR,31,48,79,40,PASS
S1016,CS302,2026 MAY,REGULAR,25,49,74,40,PASS
S1017,EC301,2026 MAY,REGULAR,32,50,82,40,PASS
S1017,EC302,2026 MAY,REGULAR,26,51,77,40,PASS
S1018,EC301,2026 MAY,REGULAR,24,52,76,40,PASS
S1018,EC302,2026 MAY,REGULAR,27,53,80,40,PASS
S1019,EC301,2026 MAY,REGULAR,25,54,79,40,PASS
S1019,EC302,2026 MAY,REGULAR,28,55,83,40,PASS
S1020,CS301,2026 MAY,REGULAR,26,56,82,40,PASS
S1020,CS302,2026 MAY,REGULAR,29,57,86,40,PASS
S1021,CS301,2026 MAY,REGULAR,27,58,85,40,PASS
S1021,CS302,2026 MAY,REGULAR,30,59,89,40,PASS
S1022,CS301,2026 MAY,REGULAR,28,60,88,40,PASS
S1022,CS302,2026 MAY,REGULAR,31,46,77,40,PASS
S1023,EC301,2026 MAY,REGULAR,29,47,76,40,PASS
S1023,EC302,2026 MAY,REGULAR,32,48,80,40,PASS
S1024,EC301,2026 MAY,REGULAR,30,49,79,40,PASS
S1024,EC302,2026 MAY,REGULAR,24,50,74,40,PASS
S1025,EC301,2026 MAY,REGULAR,31,51,82,40,PASS
S1025,EC302,2026 MAY,REGULAR,25,52,77,40,PASS
S1026,CS301,2026 MAY,REGULAR,32,53,85,40,PASS
S1026,CS302,2026 MAY,REGULAR,26,54,80,40,PASS
S1027,CS301,2026 MAY,REGULAR,24,55,79,40,PASS
S1027,CS302,2026 MAY,REGULAR,27,56,83,40,PASS
S1028,CS301,2026 MAY,REGULAR,25,57,82,40,PASS
S1028,CS302,2026 MAY,REGULAR,28,58,86,40,PASS
S1029,EC301,2026 MAY,REGULAR,26,59,85,40,PASS
S1029,EC302,2026 MAY,REGULAR,29,60,89,40,PASS
S1030,EC301,2026 MAY,REGULAR,27,46,73,40,PASS
S1030,EC302,2026 MAY,REGULAR,30,47,77,40,PASS
S1031,EC301,2026 MAY,REGULAR,28,48,76,40,PASS
S1031,EC302,2026 MAY,REGULAR,31,49,80,40,PASS
S1032,CS301,2026 MAY,REGULAR,29,50,79,40,PASS
S1032,CS302,2026 MAY,REGULAR,32,51,83,40,PASS
S1033,CS301,2026 MAY,REGULAR,30,52,82,40,PASS
S1033,CS302,2026 MAY,REGULAR,24,53,77,40,PASS
S1034,CS301,2026 MAY,REGULAR,31,54,85,40,PASS
S1034,CS302,2026 MAY,REGULAR,25,55,80,40,PASS
S1035,EC301,2026 MAY,REGULAR,32,56,88,40,PASS
S1035,EC302,2026 MAY,REGULAR,26,57,83,40,PASS
S1036,EC301,2026 MAY,REGULAR,24,58,82,40,PASS
S1036,EC302,2026 MAY,REGULAR,27,59,86,40,PASS
S1037,EC301,2026 MAY,REGULAR,25,60,85,40,PASS
S1037,EC302,2026 MAY,REGULAR,28,46,74,40,PASS
S1038,CS301,2026 MAY,REGULAR,26,47,73,40,PASS
S1038,CS302,2026 MAY,REGULAR,29,48,77,40,PASS
S1039,CS301,2026 MAY,REGULAR,27,49,76,40,PASS
S1039,CS302,2026 MAY,REGULAR,30,50,80,40,PASS
S1040,CS301,2026 MAY,REGULAR,28,51,79,40,PASS
S1040,CS302,2026 MAY,REGULAR,31,52,83,40,PASS
S1041,EC301,2026 MAY,REGULAR,29,53,82,40,PASS
S1041,EC302,2026 MAY,REGULAR,32,54,86,40,PASS
S1042,EC301,2026 MAY,REGULAR,30,55,85,40,PASS
S1042,EC302,2026 MAY,REGULAR,24,56,80,40,PASS
S1043,EC301,2026 MAY,REGULAR,31,57,88,40,PASS
S1043,EC302,2026 MAY,REGULAR,25,58,83,40,PASS
S1044,CS301,2026 MAY,REGULAR,32,59,91,40,PASS
S1044,CS302,2026 MAY,REGULAR,26,60,86,40,PASS
S1045,CS301,2026 MAY,REGULAR,24,46,70,40,PASS
S1045,CS302,2026 MAY,REGULAR,27,47,74,40,PASS
S1046,CS301,2026 MAY,REGULAR,25,48,73,40,PASS
S1046,CS302,2026 MAY,REGULAR,28,49,77,40,PASS
S1047,EC301,2026 MAY,REGULAR,26,50,76,40,PASS
S1047,EC302,2026 MAY,REGULAR,29,51,80,40,PASS
S1048,EC301,2026 MAY,REGULAR,27,52,79,40,PASS
S1048,EC302,2026 MAY,REGULAR,30,53,83,40,PASS
S1049,EC301,2026 MAY,REGULAR,28,54,82,40,PASS
S1049,EC302,2026 MAY,REGULAR,31,55,86,40,PASS
S1050,CS301,2026 MAY,REGULAR,29,56,85,40,PASS
S1050,CS302,2026 MAY,REGULAR,32,57,89,40,PASS
S1006,CS302,2026 NOV,SUPPLEMENTARY,18,21,39,40,FAIL
