doc_id,title,issuer,authority_level,doc_type,version,effective_from,effective_to,supersedes,scope_programmes,scope_batches,provenance,retrieved_on,synthetic,file_name
NSUT-ACAD-RULES-ATT,Academic Rules and Regulations of NSUT - Clause 11 Attendance and Detention (enclosed with attendance notification),"Office of the Dean (Academics), NSUT",1,regulation,1.0,2026-09-15,,,ALL,ALL,https://www.nsut.ac.in (official notices; downloaded by the team); original file 'attendance regulaion.pdf'; regulation clause enclosed with notification dated 15.09.2026,2026-10-06,N,attendance/NSUT-ACAD-RULES-ATT.pdf
NSUT-ATT-NOTIF-2026-02,Attendance notification: check CUMS entries; medical certificates via HoD,"Office of the Dean (Academics), NSUT",2,circular,1.0,2026-02-07,,,ALL,ALL,https://www.nsut.ac.in (official notices; downloaded by the team); original file 'attendance notification 7 feb 26.pdf',2026-10-06,N,attendance/NSUT-ATT-NOTIF-2026-02.pdf
NSUT-ATT-NOTIF-2025-10,"Notification: attendance entries on CUMS, portal lock 14.11.2025","Office of the Dean (Academics), NSUT",2,circular,1.0,2025-10-30,,,ALL,ALL,https://www.nsut.ac.in (official notices; downloaded by the team); original file 'attandence notification.pdf',2026-10-06,N,attendance/NSUT-ATT-NOTIF-2025-10.pdf
NSUT-ATT-PORTAL-2025-11,Notification: attendance portal update deadline for faculty,"Office of the Dean (Academics), NSUT",2,circular,1.0,2025-11-18,,,ALL,ALL,https://www.nsut.ac.in (official notices; downloaded by the team); original file 'attendence portal notification.pdf',2026-10-06,N,attendance/NSUT-ATT-PORTAL-2025-11.pdf
NSUT-SHORTATT-I-2025,Notification regarding short of attendance - I (B.Tech; list redacted),"Office of the Dean (Academics), NSUT",2,circular,1.0,2025-11-19,,,ALL,ALL,"https://www.nsut.ac.in (official notices; downloaded by the team); original 'SHORT OF ATTENDANCE -1 19 nov 25.pdf' NOT stored - student list removed (661 roll numbers), text rendering kept",2026-10-06,N,attendance/NSUT-SHORTATT-I-2025.redacted.txt
NSUT-SHORTATT-II-2025,Notification regarding short of attendance - II (B.Arch/B.Des/BBA; list redacted),"Office of the Dean (Academics), NSUT",2,circular,1.0,2025-11-19,,,ALL,ALL,"https://www.nsut.ac.in (official notices; downloaded by the team); original 'SHORT OF ATTENDANCE -II 19 nov 25.pdf' NOT stored - student list removed (125 roll numbers), text rendering kept",2026-10-06,N,attendance/NSUT-SHORTATT-II-2025.redacted.txt
NSUT-SHORTATT-III-2025,Notification regarding short of attendance - III (PG; list redacted),"Office of the Dean (Academics), NSUT",2,circular,1.0,2025-11-19,,,ALL,ALL,"https://www.nsut.ac.in (official notices; downloaded by the team); original 'SHORT OF ATTENDANCE -III 19 nov 25.pdf' NOT stored - student list removed (63 roll numbers), text rendering kept",2026-10-06,N,attendance/NSUT-SHORTATT-III-2025.redacted.txt
NSUT-SHORTATT-IV-2025,Notification regarding short of attendance - IV (B.Tech lateral entry; list redacted),"Office of the Dean (Academics), NSUT",2,circular,1.0,2025-11-19,,,ALL,ALL,"https://www.nsut.ac.in (official notices; downloaded by the team); original 'SHORT OF ATTENDANCE -IV 19 nov 25.pdf' NOT stored - student list removed (4 roll numbers), text rendering kept",2026-10-06,N,attendance/NSUT-SHORTATT-IV-2025.redacted.txt
NSUT-SHORTATT-IIISEM-2025,Notification regarding short of attendance of III & VII semester (list redacted),"Office of the Dean (Academics), NSUT",2,circular,1.0,2025-11-20,,NSUT-SHORTATT-I-2025;NSUT-SHORTATT-II-2025,ALL,ALL,"https://www.nsut.ac.in (official notices; downloaded by the team); original 'SHORT OF ATTENDANCE -III Sem 20 nov 25.pdf' NOT stored - student list removed (72 roll numbers), text rendering kept; states it supersedes notifications 1616 & 1617",2026-10-06,N,attendance/NSUT-SHORTATT-IIISEM-2025.redacted.txt
NSUT-DETENTION-2025-11,"Final notification of students detained for short attendance, Nov-Dec 2025 (list redacted)","Office of the Dean (Academics), NSUT",2,circular,1.0,2025-11-21,,NSUT-SHORTATT-I-2025;NSUT-SHORTATT-II-2025;NSUT-SHORTATT-III-2025;NSUT-SHORTATT-IV-2025;NSUT-SHORTATT-IIISEM-2025,ALL,ALL,"https://www.nsut.ac.in (official notices; downloaded by the team); original 'FINAL detention list  21 nov 25.pdf' NOT stored - student list removed (778 roll numbers), text rendering kept; issued in supersession of all previous short-attendance notifications",2026-10-06,N,examination/NSUT-DETENTION-2025-11.redacted.txt
NSUT-MAKEUP-2026,Notification regarding conduct of Make-up Examinations (list redacted),"Office of the Dean (Academics), NSUT",2,circular,1.0,2026-01-19,,,ALL,ALL,"https://www.nsut.ac.in (official notices; downloaded by the team); original 'make up examination.pdf' NOT stored - student list removed (11 roll numbers), text rendering kept; date approximated from referenced notification of 19.01.2026",2026-10-06,N,examination/NSUT-MAKEUP-2026.redacted.txt
NSUT-ACADCAL-ODD-2026,Academic / Activity Calendar July-December 2026 (Odd Semester),"Office of the Dean (Academics), NSUT",2,circular,1.0,2026-06-15,,,ALL,ALL,https://www.nsut.ac.in (official notices; downloaded by the team); original file 'academic calender 2026 odd sem.pdf'; date approximated (illegible in scan),2026-10-06,N,academic/NSUT-ACADCAL-ODD-2026.pdf
NSUT-ACADCAL-ADD-2026-03,Addendum to the Academic Calendar (Even Semester 2026),"Office of the Dean (Academics), NSUT",2,circular,1.0,2026-03-23,,,ALL,ALL,https://www.nsut.ac.in (official notices; downloaded by the team); original file 'academic calender 2026 odd sem 23 Mar 2026 5-19 pm.pdf'; date from file name,2026-10-06,N,academic/NSUT-ACADCAL-ADD-2026-03.pdf
NSUT-REG-EVEN-2026,Registration for Even Semester 2025-26 - registration officers and schedule,"Office of the Dean (Academics), NSUT",2,circular,1.0,2025-12-15,,,ALL,ALL,https://www.nsut.ac.in (official notices; downloaded by the team); original file 'Registration of Even Semester 2026_compressed.pdf'; date approximated (registration held 01.01.2026),2026-10-06,N,academic/NSUT-REG-EVEN-2026.pdf
NSUT-IDCARD-2026,Notification: students must carry NSUT identity cards on campus,"Office of the Dean (Academics), NSUT",2,circular,1.0,2026-05-13,,,ALL,ALL,https://www.nsut.ac.in (official notices; downloaded by the team); original file 'id card 13 may.pdf'; date from file name,2026-10-06,N,academic/NSUT-IDCARD-2026.pdf
NSUT-CLASS-SUSP-2025-10,Notification: classes suspended on 03-04.11.2025 (Innovision),"Office of the Dean (Academics), NSUT",2,circular,1.0,2025-10-28,,,ALL,ALL,https://www.nsut.ac.in (official notices; downloaded by the team); original file 'notice regarding suspensionm of class 28 oct 25.pdf',2026-10-06,N,academic/NSUT-CLASS-SUSP-2025-10.pdf
NSUT-UFM-NPTEL-2025,Notice: unfair means in NPTEL submissions (list redacted),"Office of the Dean (Academics), NSUT",2,notice,1.0,2025-12-05,,,ALL,ALL,"https://www.nsut.ac.in (official notices; downloaded by the team); original 'ufm during nptel.pdf' NOT stored - student list removed (15 roll numbers), text rendering kept",2026-10-06,N,academic/NSUT-UFM-NPTEL-2025.redacted.txt
NSUT-YEARBACK-2026,Notification: students not promoted (year back) - re-registration (list redacted),"Office of the Dean (Academics), NSUT",2,circular,1.0,2026-03-25,,,ALL,ALL,"https://www.nsut.ac.in (official notices; downloaded by the team); original 'year back students 25 mar 26.pdf' NOT stored - student list removed (192 roll numbers), text rendering kept; date from file name",2026-10-06,N,academic/NSUT-YEARBACK-2026.redacted.txt
NSUT-GOLDMEDAL-2025,Gold medalists for the 3rd Convocation 2025 and guidelines for award of medals (list redacted),"Office of the Dean (Academics), NSUT",2,circular,1.0,2025-11-15,,,ALL,ALL,"https://www.nsut.ac.in (official notices; downloaded by the team); original 'Notice of Gold Medalist  2025_compressed.pdf' NOT stored - student list removed (34 roll numbers), text rendering kept; date approximated (convocation 11.12.2025)",2026-10-06,N,academic/NSUT-GOLDMEDAL-2025.redacted.txt
NSUT-FEE-STRUCT-2026,Annual fee of all programmes for students admitted in Academic Session 2026-27,"Office of the Dean (Academics), NSUT",2,circular,1.0,2026-05-14,,,ALL,ALL,https://www.nsut.ac.in (official notices; downloaded by the team); original file 'fee structure 14 may.pdf'; date from file name,2026-10-06,N,fees/NSUT-FEE-STRUCT-2026.pdf
NSUT-FEE-CORR-2026-08,Corrigendum: fee structure of Integrated BBA+MBA (IEV),"Office of the Dean (Academics), NSUT",2,circular,1.0,2026-08-06,,,ALL,ALL,https://www.nsut.ac.in (official notices; downloaded by the team); original file 'fee structuree n6 Aug 2026 5-09 pm.pdf',2026-10-06,N,fees/NSUT-FEE-CORR-2026-08.pdf
NSUT-FEE-DASA-2026,"Annual fee structure for B.Tech DASA students, Academic Session 2026-27","Office of the Dean (Academics), NSUT",2,circular,1.0,2026-07-21,,,ALL,ALL,https://www.nsut.ac.in (official notices; downloaded by the team); original file 'dasa students fee structure 21 july.pdf'; date from file name,2026-10-06,N,fees/NSUT-FEE-DASA-2026.pdf
NSUT-FEE-VERIFY-2026-08,"Verification of balance annual fee payment, 2022-2026 batch (list redacted)","Office of the Dean (Academics), NSUT",2,circular,1.0,2026-08-20,,,ALL,ALL,"https://www.nsut.ac.in (official notices; downloaded by the team); original 'ACE 20 august.pdf' NOT stored - student list removed (5 roll numbers), text rendering kept",2026-10-06,N,fees/NSUT-FEE-VERIFY-2026-08.redacted.txt
NSUT-FEE-2NDINST-2025-11,Notice: non-payment of second installment of annual fee 2025 (list redacted),"Office of the Dean (Academics), NSUT",2,notice,1.0,2025-11-19,,,ALL,ALL,"https://www.nsut.ac.in (official notices; downloaded by the team); original 'Non payment of Second Installment 19 nov 25.pdf' NOT stored - student list removed (17 roll numbers), text rendering kept; date from file name",2026-10-06,N,fees/NSUT-FEE-2NDINST-2025-11.redacted.txt
NSUT-FEE-SUMMER-REFUND-2025,Extension of last date for refund of summer semester fee 2025,"Office of the Dean (Academics), NSUT",2,circular,1.0,2025-10-01,,,ALL,ALL,https://www.nsut.ac.in (official notices; downloaded by the team); original file 'Extension in application submission for refund of summer semester fee 2025.pdf'; date approximated (refers to 26.09.2025; new deadline 17.10.2025),2026-10-06,N,fees/NSUT-FEE-SUMMER-REFUND-2025.pdf
NSUT-PHD-FEE-2025-12,Notification: Ph.D. annual fees and mandatory registration,"Office of the Dean (Academics), NSUT",2,circular,1.0,2025-12-22,,,ALL,ALL,https://www.nsut.ac.in (official notices; downloaded by the team); original file 'Notices for Ph.D fees and Registration 22 dec 25.pdf',2026-10-06,N,fees/NSUT-PHD-FEE-2025-12.pdf
NSUT-TNP-POLICY-2025-26,Placement Policy 2025-26 (Students),"Training and Placement Section, NSUT",2,circular,1.0,2025-07-01,,,ALL,ALL,https://www.nsut.ac.in (official notices; downloaded by the team); original file 'Placement Policy.pdf'; season 2025-26; effective date approximated to start of season,2026-10-06,N,placement/NSUT-TNP-POLICY-2025-26.pdf
NSUT-LIB-BOOKBANK-2026-01,Book Bank services during January 2026,"Central Library, NSUT",3,notice,1.0,2026-01-06,,,ALL,ALL,"https://www.nsut.ac.in (official notices; downloaded by the team); original 'Book Bank Service 6 jan 26.pdf' NOT stored - student list removed (0 roll numbers), text rendering kept",2026-10-06,N,library/NSUT-LIB-BOOKBANK-2026-01.redacted.txt
NSUT-LIB-LENDING-2026-04,Library notice: restricted book-lending hours till 22.04.2026,"Central Library, NSUT",3,notice,1.0,2026-04-21,,,ALL,ALL,https://www.nsut.ac.in (official notices; downloaded by the team); original file 'Lending_Service21Apr2026.pdf',2026-10-06,N,library/NSUT-LIB-LENDING-2026-04.pdf
NSUT-LIB-SATURDAY-2023,Library notice: Central Library open on Saturdays,"Central Library, NSUT",3,notice,1.0,2023-08-16,,,ALL,ALL,https://www.nsut.ac.in (official notices; downloaded by the team); original file 'Library Notice 16 Aug 2023.pdf',2026-10-06,N,library/NSUT-LIB-SATURDAY-2023.pdf
NSUT-LIB-CLOSED-2026-01,Suspension of Central Library services on 03.01.2026,"Central Library, NSUT",3,notice,1.0,2026-01-02,,,ALL,ALL,https://www.nsut.ac.in (official notices; downloaded by the team); original file 'Suspension on saturday 2 jan 2026.pdf',2026-10-06,N,library/NSUT-LIB-CLOSED-2026-01.pdf
NSUT-LIB-EXTHOURS-2026-04,"Extension of Central Library opening hours during End-Semester exam, April-May 2026","Central Library, NSUT",3,notice,1.0,2026-04-23,,,ALL,ALL,https://www.nsut.ac.in (official notices; downloaded by the team); original file 'library extnesion hour notice 23 april 2026.pdf',2026-10-06,N,library/NSUT-LIB-EXTHOURS-2026-04.pdf
NSUT-SCH-NSP-2026,Notification regarding activation of National Scholarship Portal 2026-27,"Office of the Dean (Academics), NSUT",2,circular,1.0,2026-06-01,,,ALL,ALL,https://www.nsut.ac.in (official notices; downloaded by the team); original file 'NSP 11 jun 26.pdf',2026-10-06,N,scholarships/NSUT-SCH-NSP-2026.pdf
NSUT-SCH-NSP-EXT-2025-12,Extension of NSP application deadline to 15.12.2025 (list redacted),"Office of the Dean (Academics), NSUT",2,circular,1.0,2025-12-03,,,ALL,ALL,"https://www.nsut.ac.in (official notices; downloaded by the team); original 'extension of nsp date 15.12.2025.pdf' NOT stored - student list removed (5 roll numbers), text rendering kept",2026-10-06,N,scholarships/NSUT-SCH-NSP-EXT-2025-12.redacted.txt
NSUT-SCH-SC-MERIT-2025,Central Sector Scholarship for SC students - provisional list notice (list redacted),"Office of the Dean (Academics), NSUT",2,circular,1.0,2025-12-01,,,ALL,ALL,"https://www.nsut.ac.in (official notices; downloaded by the team); original 'SC merit cum discrepancy notice 1 dec 25.pdf' NOT stored - student list removed (26 roll numbers), text rendering kept",2026-10-06,N,scholarships/NSUT-SCH-SC-MERIT-2025.redacted.txt
NSUT-SCH-PMYASASVI-2026-02,PM YASASVI (OBC/EBC/DNT): students granted lesser amount,"Office of the Dean (Academics), NSUT",2,circular,1.0,2026-02-02,,,ALL,ALL,https://www.nsut.ac.in (official notices; downloaded by the team); original file 'pm yasasvi notification 2 feb 2026.pdf',2026-10-06,N,scholarships/NSUT-SCH-PMYASASVI-2026-02.pdf
NSUT-SCH-EDISTRICT-2026-03,"E-District scholarship notification (SC/ST/OBC merit scholarship, State Topper Award)","Office of the Dean (Academics), NSUT",2,circular,1.0,2026-03-06,,,ALL,ALL,https://www.nsut.ac.in (official notices; downloaded by the team); original file 'edistrict order 6 march.pdf',2026-10-06,N,scholarships/NSUT-SCH-EDISTRICT-2026-03.pdf
NSUT-SCH-EDISTRICT-2026-09,Endorsement: E-District timeline for post-matric scholarships (SC/OBC) on NSP,"Office of the Dean (Academics), NSUT",2,circular,1.0,2026-09-30,,,ALL,ALL,https://www.nsut.ac.in (official notices; downloaded by the team); original file 'Edistrict 30 sept 2026.pdf'; date from file name,2026-10-06,N,scholarships/NSUT-SCH-EDISTRICT-2026-09.pdf
NSUT-SCH-AICTE-2026,AICTE YASHASVI and SARSWATI scholarship scheme,"Office of the Dean (Academics), NSUT",2,circular,1.0,2026-07-01,,,ALL,ALL,https://www.nsut.ac.in (official notices; downloaded by the team); original file 'aicte_sarswati 1 jul.pdf'; date from file name,2026-10-06,N,scholarships/NSUT-SCH-AICTE-2026.pdf
NSUT-SCH-KOTAK-2026,Endorsement: Kotak Kanya Scholarship 2026-27,"Office of the Dean (Academics), NSUT",2,circular,1.0,2026-09-07,,,ALL,ALL,https://www.nsut.ac.in (official notices; downloaded by the team); original file 'KOTAK 7 septn 26.pdf'; date from file name,2026-10-06,N,scholarships/NSUT-SCH-KOTAK-2026.pdf
NSUT-SCH-SDEF-2026,Endorsement: Swami Dayanand Education Foundation India Scholarship 2026-27,"Office of the Dean (Academics), NSUT",2,circular,1.0,2026-08-27,,,ALL,ALL,https://www.nsut.ac.in (official notices; downloaded by the team); original file 'SDA 27 aug 26.pdf',2026-10-06,N,scholarships/NSUT-SCH-SDEF-2026.pdf
NSUT-SCH-SIEMENS-2026,Endorsement: Siemens Energy Energy4Good student scholarship,"Office of the Dean (Academics), NSUT",2,circular,1.0,2026-09-30,,,ALL,ALL,https://www.nsut.ac.in (official notices; downloaded by the team); original file 'siemen 30 sept 26.pdf',2026-10-06,N,scholarships/NSUT-SCH-SIEMENS-2026.pdf
SYN-CIRC-01,Circular ACAD/SYN/2026-27/01: Revised minimum attendance for B.Tech (SYNTHETIC),Office of the Dean (Academics),2,circular,1.0,2027-01-01,,NSUT-ACAD-RULES-ATT#11.2,B.Tech,ALL,synthetic - created by the team for conflict/versioning demo,2026-10-06,Y,synthetic/SYN-CIRC-01.txt
SYN-FAQ-01,Student Help-desk FAQ (SYNTHETIC),Student Help-desk,4,faq,2.0,2026-09-15,,,ALL,ALL,synthetic - created by the team for conflict + prompt-injection demo,2026-10-06,Y,synthetic/SYN-FAQ-01.txt
